id_rdv,proba_annulation
2801928,0.16467847417736006
2799304,0.3921521710805534
2803330,0.3017250376102446
2803671,0.4675586837394481
2803553,0.25413008295764594
2803372,0.1528954642661095
2803572,0.2909809276595391
2803684,0.3270542585199662
2803684,0.3270542585199662
2803684,0.3270542585199662
2800140,0.4649254926585815
2803193,0.1222418230188106
2803498,0.6038645129284937
2804057,0.4944271424680639
2804083,0.4531336233659541
2804083,0.4531336233659541
2801575,0.251936818515587
2804088,0.12436205554536749
2798014,0.28689088425127446
2799422,0.1784335556067527
2799422,0.1784335556067527
2803431,0.11116091538731702
2803431,0.11116091538731702
2804157,0.09852192422192425
2804051,0.28962832720564746
2803995,0.3769552948385983
2803995,0.38406488595670846
2801123,0.28431340474091865
2801123,0.28431340474091865
2804447,0.35026404541472667
2804716,0.299175049102423
2804498,0.2979929131236496
2804989,0.28301962906511774
2804989,0.263392727804087
2800254,0.04871381956772385
2805268,0.25941713379175646
2805268,0.29401311044958234
2805053,0.07443022201023844
2805053,0.07443022201023844
2805284,0.3515182320645546
2805284,0.3515182320645546
2805320,0.15765945214886487
2805320,0.15765945214886487
2805042,0.18096936817933265
2804614,0.171931600841223
2804614,0.21726217704452808
2804614,0.21726217704452808
2804614,0.171931600841223
2805125,0.3099230550928805
2805384,0.29334880185343615
2804351,0.16899986096470745
2804351,0.16899986096470745
2804447,0.44010687397193704
2804447,0.4595013826462201
2805317,0.1378498581410216
2805226,0.10334490855087759
2805436,0.2289496465020855
2805504,0.34797141132644027
2804153,0.14010913032297434
2804153,0.14010913032297434
2805541,0.1774667801530729
2805541,0.1774667801530729
2804031,0.24157460878917053
2804495,0.49523922777823953
2804495,0.49523922777823953
2805336,0.08283266063736504
2805638,0.250379608571431
2803552,0.15741784566520745
2803552,0.15741784566520745
2803552,0.15741784566520745
2805733,0.24285397750965454
2805840,0.2185593911387447
2805274,0.21110780111710353
2805483,0.22928390892407127
2805483,0.1918105662536697
2803539,0.2946423383064809
2805857,0.19307578865817204
2805120,0.10144954173062466
2805120,0.10144954173062466
2805120,0.10144954173062466
2805979,0.33041521424345727
2800343,0.2748892193210281
2800343,0.2748892193210281
2805282,0.21707842273361191
2805502,0.2498875725066202
2802745,0.24307515798745302
2802745,0.24307515798745302
2806193,0.4781522781071286
2806425,0.11278262753506661
2806379,0.20317240515122062
2806379,0.17524249902144642
2806379,0.17524249902144642
2806379,0.17524249902144642
2806521,0.08793119060282005
2806521,0.08793119060282005
2806086,0.6684592607325787
2806479,0.40860616380635295
2806662,0.48892173760234264
2806662,0.48892173760234264
2804827,0.22059020326079154
2804827,0.22059020326079154
2806449,0.18771347547726855
2806721,0.18606111781965887
2806717,0.12506326114427976
2806706,0.3138399129497333
2806706,0.30607883961639165
2806799,0.38717894115099416
2806801,0.22807124417479302
2806737,0.17152759195331166
2806662,0.37667171208357403
2806821,0.12598449291308508
2806636,0.18301356924272733
2807100,0.13757747174692822
2807100,0.13757747174692822
2806425,0.17748802526472063
2807148,0.31874700892723695
2807136,0.20384265179265185
2807136,0.20384265179265185
2807148,0.31874700892723695
2807148,0.31874700892723695
2806470,0.49344753853149315
2806470,0.4355537575888253
2806470,0.4477164176508967
2805105,0.07915206718346252
2805105,0.07915206718346252
2806897,0.09446581312206313
2807200,0.16582982838417626
2807277,0.6026808535289557
2805905,0.5636719179761072
2806270,0.3191889619795212
2807351,0.24061726868254615
2805902,0.10565353906411266
2807810,0.14751056954741165
2801233,0.29345944576457866
2801233,0.36088025199317897
2807856,0.15084766859233864
2807777,0.2650882277397152
2806924,0.3385839657130732
2797863,0.32768445029555593
2808356,0.17704352200087486
2809059,0.37861695708472276
2809059,0.37861695708472276
2807817,0.1525986378612202
2809053,0.4834328243318806
2809145,0.11445290528770624
2807743,0.15459017503132755
2807743,0.15459017503132755
2803125,0.6133960188653369
2809162,0.4470346957015099
2809162,0.4470346957015099
2805495,0.28953909334834094
2805495,0.28953909334834094
2807743,0.1868110327522997
2809225,0.23486679579602335
2808985,0.18952870973257735
2808983,0.1584238071585705
2808457,0.3349120499796315
2808457,0.3318123686083711
2809290,0.3610750645524894
2809492,0.26614883529227673
2809080,0.028569597069597066
2809402,0.3295161882344261
2809402,0.3295161882344261
2809513,0.10539098972922507
2808527,0.34074254053947184
2809684,0.2983524450227811
2806892,0.1685093761261457
2809722,0.17514860227671902
2809278,0.1370243654375409
2809278,0.1370243654375409
2809755,0.5740246250011408
2809681,0.1805724357824304
2809681,0.1805724357824304
2809686,0.32836323822376434
2809755,0.5740246250011408
2809830,0.30410055320911483
2809854,0.21051710170920704
2809762,0.2911391272468113
2809972,0.3541513738322953
2809972,0.3541513738322953
2806902,0.4298088667163144
2809915,0.22905343823542237
2809915,0.2154670801873402
2810124,0.12379881588999235
2810192,0.12376100040897413
2810192,0.12477664530715714
2810192,0.15763747966491873
2810190,0.2940288612844815
2809044,0.21035952380952394
2802900,0.08672521722085509
2810218,0.7275057141475199
2810320,0.043304498279498255
2810320,0.043304498279498255
2810541,0.27845574077535995
2810019,0.30484731951770916
2810664,0.3887435297629059
2809455,0.3649072418287778
2809455,0.3649072418287778
2810609,0.51044708373721
2810399,0.49382562721871015
2810399,0.49638902708963717
2810840,0.3911868914331828
2810840,0.3708733506847599
2810929,0.3221152982175926
2810918,0.276312026496925
2810918,0.276312026496925
2811011,0.27080019719916
2811077,0.3367044689456112
2811077,0.3367044689456112
2810840,0.31646118466027795
2810832,0.4876840455324575
2810832,0.4876840455324575
2811350,0.18631889176132732
2811470,0.22238634270349264
2810010,0.42817389220796387
2809111,0.10015113201009844
2811665,0.25653784921559697
2797953,0.14328873449873006
2811772,0.301335571313029
2811691,0.08785981303684831
2809702,0.2862420286707111
2809702,0.2862420286707111
2810371,0.0634226708074534
2810371,0.061668352007973326
2810351,0.24212785025814365
2811358,0.5751347272882457
2811682,0.11322669430630333
2811682,0.11322669430630333
2811682,0.11945196903157805
2804818,0.2693110431063811
2811855,0.18927910047348065
2804818,0.28577395917242987
2810783,0.15280011958058096
2811167,0.2724707842771817
2811167,0.2724707842771817
2811301,0.1592745509261758
2809687,0.10447214684038754
2809687,0.10447214684038754
2811737,0.1525238447826683
2812172,0.08916654641654642
2806039,0.32927573566664853
2809802,0.13105085999921406
2811965,0.21560884647071715
2812249,0.3256468623399729
2812249,0.3107657079388186
2812249,0.3256468623399729
2812292,0.16777310577001273
2812292,0.16777310577001273
2812174,0.2258242346434278
2810303,0.17975262117651344
2812506,0.14581913218020987
2812534,0.5592056247554396
2812534,0.5592056247554396
2812243,0.4634959435193714
2812617,0.37986922731326916
2812617,0.33559693037223265
2812768,0.2683757975681705
2811948,0.33083459415173216
2812732,0.11999454300590255
2812884,0.20492640917252236
2812884,0.20492640917252236
2812717,0.1705645234841787
2812717,0.1705645234841787
2813039,0.18629281859613006
2813202,0.49134505350329577
2812703,0.15592062330771406
2813280,0.22367102901688773
2813321,0.22045620322099882
2813326,0.5452680844259182
2813373,0.5146703172611258
2813373,0.5146703172611258
2812888,0.1464004031587912
2813067,0.4002620072606371
2813597,0.45039646242942316
2813597,0.45039646242942316
2813427,0.24875874155211686
2813427,0.24875874155211686
2813732,0.2562836470468052
2812191,0.5973029709052715
2813732,0.2562836470468052
2813703,0.3479267726911307
2813888,0.10889206137339916
2813888,0.13466765142322415
2814021,0.4104066006822483
2809261,0.12212785532785535
2814049,0.22099317581592134
2814149,0.20988042710637797
2814131,0.4130150407812944
2814032,0.3093504401795899
2814032,0.3093504401795899
2814300,0.27143314816787634
2814300,0.27143314816787634
2814014,0.18816600539557063
2814313,0.2432793823946498
2814313,0.2432793823946498
2814323,0.3239464590150249
2814435,0.19454764530719007
2814644,0.22588867569516807
2814589,0.23689648287359022
2813833,0.3603390919759945
2813784,0.1767880948116666
2814075,0.19592081550468646
2814707,0.3417459568873112
2814757,0.128379707841503
2814757,0.128379707841503
2814971,0.1330794599294848
2798149,0.22857657454270505
2798149,0.22857657454270505
2814382,0.08059497000583958
2814880,0.18459825592480697
2815129,0.44323032515732347
2815129,0.44323032515732347
2815222,0.3499794965071591
2814603,0.38901192563150344
2812735,0.11439469696969695
2815320,0.27303369461115745
2813567,0.1346118498151812
2809298,0.40148639765492955
2813848,0.2129691151139453
2815579,0.203250964995233
2815604,0.17153274419726036
2814846,0.17825630635414227
2814846,0.17825630635414227
2815624,0.1563929979350068
2815625,0.18812877739138448
2815764,0.3453318307158646
2815995,0.3842679662316074
2815056,0.35053111708304596
2815056,0.35053111708304596
2816247,0.22336385478320953
2816213,0.15878647609700242
2815155,0.15389377400231988
2814592,0.3127026423949798
2816330,0.3072317711144945
2815946,0.2126537240537241
2816599,0.1604165083287145
2816599,0.16372422556111052
2816630,0.5441296441221505
2816630,0.6996046559988983
2816768,0.3612472076108542
2816887,0.26990892677677814
2816966,0.2508958490101896
2817030,0.13521891489005242
2817112,0.33137086033560126
2817112,0.33137086033560126
2817131,0.4414342900584591
2812968,0.13479412162279517
2817068,0.056493629514809525
2817401,0.4398846147055443
2817401,0.4398846147055443
2817327,0.40811328894220344
2817224,0.12246526915113874
2812819,0.37250220443921966
2817050,0.16083117844739508
2817378,0.6636096749799087
2816335,0.3466799567930174
2816974,0.1496696632932576
2817600,0.7061311116913174
2782037,0.22656673989709109
2817616,0.5574137885127923
2817616,0.5574137885127923
2811783,0.3977658059876069
2817665,0.3302933239503528
2816081,0.4376823422560347
2817745,0.35428514136928635
2817943,0.13518834848424635
2817980,0.2764079543532754
2818442,0.28478433201163617
2818442,0.34156159880406234
2818206,0.3819386756931603
2818111,0.27592169917474707
2818271,0.23798972061790316
2813849,0.20729783946628105
2817801,0.10032706606931953
2817816,0.10026538766066198
2817816,0.10026538766066198
2818992,0.23838111467406564
2818992,0.2568686405321725
2818210,0.21990792369701423
2819029,0.10648148801733143
2814718,0.22911104388985692
2819085,0.33288997282164356
2819085,0.33288997282164356
2818717,0.3595710156022733
2819306,0.22479090994841824
2819015,0.11368154714365104
2818636,0.40835293643762843
2818636,0.364705470912957
2819451,0.5801541993154536
2817947,0.11492587814484369
2817564,0.0604640235910878
2817564,0.0604640235910878
2819494,0.2501156140350877
2819655,0.13764879714107411
2812207,0.10810058270089228
2817118,0.691526409488659
2820028,0.20026878898010037
2820041,0.16550962785201914
2820041,0.16550962785201914
2820153,0.34442545006125375
2818968,0.13340468133523975
2820186,0.5628338081424176
2820222,0.4419438143764434
2820204,0.24959881189466385
2820055,0.38133483387475314
2820295,0.14855834621908762
2820295,0.14855834621908762
2819305,0.2098968908307648
2820370,0.3482887440443029
2820327,0.25689631744974245
2817910,0.18039400617062448
2820684,0.28810499634771997
2820410,0.10268012168012168
2820364,0.19389402512520154
2820781,0.15907975802173546
2817910,0.21633705650712967
2820888,0.24191192613969884
2811719,0.09541819274038957
2811719,0.09541819274038957
2818080,0.26450030522854057
2816741,0.4550079442532275
2818442,0.3899909483768588
2820484,0.10644465148378189
2817826,0.18445971871865388
2819122,0.13315830999066303
2817826,0.18445971871865388
2817826,0.18445971871865388
2820459,0.1853907935873391
2814721,0.1935619075595971
2820459,0.1557923334217736
2820459,0.1557923334217736
2820459,0.1557923334217736
2821386,0.14944248366013077
2821386,0.14944248366013077
2821390,0.34187193220380047
2821154,0.158050786960583
2821386,0.11939248366013074
2820656,0.4331715607572364
2821064,0.4526351745005135
2821064,0.4526351745005135
2821581,0.3347683100549564
2821581,0.3347683100549564
2821540,0.16826868305087847
2822028,0.1867863071528574
2822028,0.1867863071528574
2821856,0.45299352781358965
2822159,0.1727343566369655
2822159,0.1727343566369655
2821699,0.20654202549525133
2821445,0.11312212150279377
2822707,0.1907735905947875
2822787,0.3631688360257349
2819644,0.2347455047347042
2822911,0.3068631394505723
2822911,0.3068631394505723
2822911,0.3068631394505723
2822209,0.21187690940891493
2822209,0.21187690940891493
2822948,0.3025533980347221
2822948,0.3025533980347221
2822751,0.08510618112981601
2822968,0.12544894139113344
2822979,0.23684835560410605
2822979,0.23684835560410605
2823129,0.19561633108153048
2823129,0.19561633108153048
2823157,0.203250964995233
2823199,0.24903965913801288
2823199,0.24903965913801288
2823207,0.4532687121376222
2817605,0.2457240120107757
2817605,0.2457240120107757
2823219,0.5196585233754034
2818769,0.22608209686268088
2818769,0.3084943213649096
2821161,0.24879590783772787
2823326,0.5431611833403973
2821288,0.2982168310108298
2822960,0.18344414441879425
2822960,0.18344414441879425
2823488,0.14381562222091637
2823488,0.14381562222091637
2823640,0.5381320826140843
2823568,0.18976462596807098
2823673,0.3439635289894601
2823509,0.25614911406770263
2823084,0.27273960696013233
2823084,0.27273960696013233
2823741,0.2523010118307115
2823741,0.2523010118307115
2823476,0.12198541740238986
2823766,0.2094614457962433
2823766,0.2094614457962433
2823740,0.08785692545936448
2823740,0.08785692545936448
2823892,0.19351925172903742
2823916,0.3061202347510865
2823916,0.3061202347510865
2823936,0.3660359040944916
2823847,0.30187390303420114
2823969,0.45769588159547137
2823847,0.30187390303420114
2823969,0.45769588159547137
2823471,0.10499299344706224
2823471,0.11081628212723638
2823617,0.48201637318487095
2824161,0.4234502691724893
2824169,0.30749210131499277
2816777,0.28710663946738124
2824136,0.25321022285777833
2810383,0.10607068237318236
2823916,0.22876916198636887
2824414,0.23136967324168384
2824440,0.0771015982536522
2824374,0.34902823914745335
2824137,0.3086051607474108
2824374,0.34902823914745335
2824533,0.307249908146937
2824685,0.2846036709813332
2824633,0.5197432344016486
2824633,0.5197432344016486
2824694,0.31472802795208427
2824694,0.31472802795208427
2824595,0.2785416393802207
2824694,0.25524285891135784
2824595,0.2785416393802207
2824759,0.09702426537209265
2824573,0.07652734487734487
2824573,0.07652734487734487
2824573,0.12448302137724825
2824911,0.1369702217699584
2824911,0.21861236749571866
2824929,0.2259071895424837
2825086,0.42690903816038256
2825086,0.42690903816038256
2825202,0.6036077611500639
2824975,0.367063908640768
2825467,0.4114615420446779
2824967,0.09441949375570735
2825383,0.34953445497058905
2824083,0.16066848242511794
2825811,0.21350557390238953
2825154,0.13233081150713888
2825807,0.06730066066826726
2825609,0.26121395753891014
2825609,0.26121395753891014
2825292,0.1598069317009823
2825860,0.06012817843838208
2825253,0.11260190275770181
2825856,0.14826541855714576
2826026,0.17580050141268624
2823854,0.21016172161172156
2826065,0.32788568109115246
2825815,0.17869178830384655
2826113,0.2973082505651447
2826314,0.14899087565737323
2825502,0.16327845182720024
2826332,0.10937696555525374
2826332,0.10937696555525374
2826394,0.18626287559928054
2826442,0.12937117531208464
2824385,0.29886164959701544
2826496,0.12767584938740528
2826504,0.4223127914490082
2826504,0.4174495639357806
2825988,0.29252650951304077
2826555,0.19031911088052778
2825988,0.29252650951304077
2826764,0.5168065943320513
2826741,0.5838222935335662
2826716,0.6226750196719714
2826716,0.6226750196719714
2826716,0.6130707607417853
2827002,0.4029422650276068
2826855,0.3366290828930344
2826855,0.3269560670200184
2827370,0.050552762610258845
2823698,0.35846996677416276
2823698,0.3121055352991463
2827487,0.24632213607166945
2827784,0.37106260327072427
2827798,0.048921251390816614
2827804,0.376258527865389
2827804,0.376258527865389
2827415,0.16818855996299775
2827415,0.16818855996299775
2822540,0.1155987806637807
2827961,0.3397672837623966
2827961,0.3397672837623966
2827739,0.6548625192041231
2827739,0.6548625192041231
2827739,0.6241508401946086
2828218,0.17847893249118318
2828210,0.1608069205090927
2828210,0.1608069205090927
2826392,0.5670080961883425
2826392,0.5670080961883425
2827946,0.44451492987778046
2827946,0.44451492987778046
2827513,0.25507613716239563
2828458,0.4894386300893839
2828458,0.4894386300893839
2828722,0.34397069171404926
2828653,0.2378864208113569
2828653,0.2378864208113569
2829336,0.35038885468416114
2829336,0.35038885468416114
2829346,0.3713157610483608
2829346,0.3713157610483608
2829258,0.22204338358314665
2829258,0.22204338358314665
2824713,0.16596868184920865
2829352,0.11813859510918011
2829300,0.4592598541149213
2830263,0.3419320262921655
2829869,0.3290448382369624
2829123,0.23185562774791915
2829123,0.23185562774791915
2826574,0.05999237606650023
2826273,0.4361435047779581
2828535,0.11046555612899565
2829234,0.31177121396545343
2824543,0.28358179263638883
2829278,0.11016928668062473
2828296,0.21390410023720047
2828296,0.21390410023720047
2828557,0.28024301948759517
2829702,0.11186209150326798
2830143,0.529591507076277
2825303,0.21744448529842336
2830995,0.20153626935644267
2830874,0.07274825896091719
2829656,0.22618387405757004
2829656,0.22618387405757004
2830588,0.1319618392009743
2831002,0.08465147184591201
2831097,0.1830437044508613
2831097,0.1830437044508613
2830093,0.17933486908513427
2830093,0.17933486908513427
2831478,0.3593391723853026
2831473,0.21954854798176704
2827452,0.11236729143574145
2831579,0.6701474634013247
2831318,0.3117744408635761
2831433,0.11654039338181339
2831645,0.43655042479504724
2831645,0.43655042479504724
2828808,0.2889806819968626
2828808,0.2889806819968626
2831473,0.21735965909287813
2831666,0.6108326165106474
2831592,0.2999018874227722
2831592,0.3325573101044128
2832066,0.307184012227927
2832132,0.35743949968095656
2832138,0.3979389539912693
2832138,0.400122247906925
2832135,0.1301713066751249
2832170,0.09997930007683153
2831782,0.16511650920520923
2832359,0.22107380952380956
2832359,0.25318186813186816
2832173,0.08159684451985562
2832431,0.18186447333036862
2832431,0.17613669555259084
2829828,0.20993994939993396
2829828,0.20993994939993396
2832477,0.37523030977829663
2832477,0.42416232186672354
2832600,0.15627026540710745
2832652,0.49319392123791245
2832652,0.49319392123791245
2832652,0.49319392123791245
2831978,0.20441866635062736
2831978,0.20561866635062734
2832822,0.28823901635603155
2832822,0.28823901635603155
2832930,0.2495886622439701
2832872,0.24931135911991567
2832756,0.3761209830592509
2830424,0.31459063204881166
2832972,0.24645401288366822
2832872,0.24931135911991567
2833015,0.474087328276195
2833015,0.474087328276195
2832716,0.07881600659573323
2833317,0.50560124790916
2833317,0.50560124790916
2833658,0.4281660149723696
2833419,0.14112444912973166
2833419,0.1547681303023602
2833717,0.22602941876337498
2833254,0.31672841148894343
2833812,0.24606257139351717
2832736,0.4145217937225856
2832736,0.4145217937225856
2834284,0.3145880243150223
2834396,0.22490990575610575
2834448,0.29321814497795123
2834448,0.29321814497795123
2819001,0.3935204363226393
2819001,0.3935204363226393
2819001,0.3935204363226393
2833349,0.17176209802336576
2834143,0.15104421895768366
2833349,0.18670426493432363
2834143,0.15104421895768366
2834862,0.5863104176922137
2834862,0.5855469362875527
2833433,0.14084700435729852
2834972,0.2139423199350974
2833433,0.14084700435729852
2834451,0.1265335722177322
2833110,0.22513787902064034
2835148,0.21349559582141048
2835109,0.12856763512690628
2835330,0.3443100921573166
2835477,0.14661480725157192
2832359,0.1853555043276109
2835532,0.2989302320090244
2829626,0.20801161592965012
2835532,0.25372796041491974
2835532,0.25372796041491974
2835535,0.26114823963622896
2835388,0.30998642420933115
2835467,0.4627840272114574
2835467,0.4627840272114574
2835012,0.45868760225635286
2835012,0.45868760225635286
2829546,0.3246744441356562
2835633,0.17549911328292464
2835633,0.17549911328292464
2835583,0.0521192698514933
2835627,0.21279906730582485
2835736,0.3333344622298911
2835736,0.3381338955798861
2835736,0.3333344622298911
2835781,0.18901746920224094
2835892,0.4379116064318034
2835993,0.14112245307820812
2836140,0.12041855929451842
2836189,0.3540929926384374
2836189,0.3540929926384374
2833491,0.2672810128254625
2837092,0.1316455513470807
2836317,0.32041173929392663
2836682,0.19009924826336785
2837023,0.13667878603557554
2837099,0.1597498852466082
2836750,0.35137430583081486
2837230,0.49944734304153987
2837368,0.1606153221873284
2835086,0.4144690981387573
2835086,0.4144690981387573
2837450,0.26947374684643943
2837611,0.10709036562852356
2837541,0.08102901399918892
2836958,0.3794889177808748
2837553,0.20429684360076378
2837331,0.19157263714166672
2837829,0.21104280760112684
2837988,0.19409594761551285
2838032,0.24793318651727908
2837179,0.2149473446133361
2838272,0.35887661899504014
2838155,0.3908638551832927
2838155,0.3908638551832927
2837492,0.6269795674905558
2837492,0.6269795674905558
2838498,0.12266318779025721
2838208,0.25204622814672206
2838912,0.2702330742982999
2838968,0.41544704811801475
2839029,0.4449667655459127
2837699,0.6829462558643465
2839097,0.3194627086772152
2839072,0.06468347763347763
2839124,0.5197426241305694
2839174,0.37368575250605734
2839174,0.36829354822574323
2839370,0.22881323005199003
2839490,0.19797163199500722
2838943,0.12224040371910888
2839557,0.28048258554646355
2839879,0.14191386554621854
2839412,0.20878092903828216
2839894,0.21526813962483896
2840241,0.3608145066260715
2840241,0.3608145066260715
2840241,0.2549863901122099
2840480,0.18739980123511743
2840541,0.22053150590057416
2840541,0.19621981481388312
2834045,0.11588131113964173
2836296,0.1323920937111793
2805036,0.362468622938462
2840612,0.3401723063974355
2840606,0.28181007782288053
2840606,0.28181007782288053
2840399,0.1926085921996938
2840495,0.11435498886734832
2840495,0.11435498886734832
2840659,0.07083391426352079
2840697,0.27712345749157963
2840710,0.2345439325924275
2838819,0.09591488510516392
2838819,0.09591488510516392
2838784,0.25823186472397086
2840639,0.05366553006913419
2808576,0.31833552723617786
2840931,0.365471012303474
2840957,0.3501043067781151
2840947,0.16157769078970138
2829386,0.216829098537922
2841123,0.19001653313123903
2838153,0.3061255454545467
2838153,0.3061255454545467
2841225,0.2772335678353765
2841225,0.2772335678353765
2841225,0.2772335678353765
2841383,0.13634017663880685
2841693,0.3110441146909687
2841693,0.3110441146909687
2841358,0.16507782878859326
2840591,0.39142142715219985
2842176,0.5048161274091435
2842145,0.12861449004218067
2836727,0.6211203174942728
2836727,0.6211203174942728
2842179,0.06713380286019108
2840569,0.3361968605583291
2842232,0.311494145576695
2838514,0.5781950796592804
2832239,0.3515975641832456
2841969,0.2894259177374685
2842312,0.3682628269713558
2842547,0.3960234381052112
2842354,0.09436747772166189
2842529,0.5717887705452422
2842056,0.26565146688276536
2842344,0.20676616824339145
2843021,0.12924371018162195
2843028,0.4654156975575386
2843029,0.4822899774900803
2843029,0.4822899774900803
2843028,0.4654156975575386
2843461,0.0812490874596336
2843679,0.21475254682002598
2843679,0.20017030382355877
2843808,0.3391605939253536
2830080,0.19762830785671942
2830080,0.19762830785671942
2843613,0.46600520192594247
2843613,0.46600520192594247
2844124,0.16380625485625486
2844124,0.16380625485625486
2844209,0.1746135405402231
2844381,0.18421299821299833
2844381,0.18421299821299833
2844425,0.07301969696969696
2837878,0.45265058194135727
2844596,0.24526709654754308
2844586,0.2367464345690152
2844715,0.21511613026598897
2844881,0.39646378077319155
2844861,0.13788825400877872
2843588,0.2907315268862603
2843175,0.25670037699220394
2843175,0.2657829166747437
2844928,0.11322843739032698
2845175,0.8006247837935386
2845162,0.13802715599935286
2844622,0.12708218109292282
2845107,0.35159933564332
2845107,0.35159933564332
2845161,0.07133498168498167
2845344,0.2347515839423735
2845344,0.2347515839423735
2840571,0.18386303308519958
2835712,0.27511385767951374
2835712,0.27511385767951374
2845690,0.10035495713805093
2845892,0.16243969112805995
2845892,0.15473969112805994
2846268,0.0457721068801479
2846299,0.29153278454682346
2846602,0.0633945878930429
2813482,0.27454250340836744
2845174,0.22524197467134996
2845174,0.22524197467134996
2846580,0.12255621672983663
2846680,0.20721877697136537
2846626,0.3991624611636474
2846626,0.39522508742627366
2845457,0.06444946069997536
2847017,0.36894007825489367
2846761,0.1357001024244468
2847026,0.17629494464240278
2846846,0.24503490330805108
2847044,0.1494464048010559
2847219,0.18634508009153325
2847308,0.5765831862840011
2846849,0.2029268151500093
2846849,0.2029268151500093
2847377,0.20027888807099345
2847702,0.13173950428656311
2848035,0.3976140293941964
2847952,0.10656231986967282
2847952,0.10656231986967282
2831966,0.035490802309162815
2848014,0.3051076212833433
2848276,0.12582264362557113
2848339,0.14178583661499433
2848421,0.32586578902194574
2848879,0.14060602552033594
2848854,0.31225863537015874
2849056,0.17169547059403586
2849553,0.12178082523384814
2849530,0.15284896739113535
2849660,0.22868160019586797
2849660,0.21477807251787226
2849805,0.21045724531134619
2849805,0.21045724531134619
2849833,0.14230680907151494
2848089,0.18310414292122829
2848089,0.18310414292122829
2847571,0.25986268721539796
2847571,0.25986268721539796
2849851,0.32621792798969235
2849851,0.32621792798969235
2778996,0.13380475807657022
2786035,0.11041685630568245
2786035,0.11041685630568245
2849959,0.09824723211961946
2850001,0.38944239216867454
2850001,0.38944239216867454
2782311,0.1982818106729871
2850283,0.2871586414484695
2848881,0.3194806757456148
2850295,0.463295448877363
2849967,0.24799807647806424
2850343,0.2394851384089778
2850126,0.4950833275231157
2850126,0.4950833275231157
2847028,0.23402257443387547
2850371,0.32626760455111803
2850093,0.25483212274645445
2850610,0.19852837172825036
2850731,0.2340756630428377
2850731,0.2340756630428377
2851178,0.29827054797178676
2850891,0.32197037802255196
2851180,0.1847847555440073
2851250,0.4819609658985148
2851250,0.4223868437023969
2831611,0.23176514508963503
2831611,0.23176514508963503
2851479,0.39198085833247115
2851554,0.47715492797852754
2851554,0.47715492797852754
2851452,0.1624268138901904
2851452,0.1624268138901904
2851375,0.45655868531734434
2851375,0.45655868531734434
2851375,0.4521158281744872
2852049,0.16503319321545656
2852049,0.16503319321545656
2852142,0.11114510612926959
2852142,0.11114510612926959
2852203,0.1723459630668118
2851689,0.3573703382008947
2851689,0.3573703382008947
2852203,0.20119038116333518
2852168,0.15907323242578641
2852201,0.07147287637842678
2852305,0.25303337292889216
2851993,0.23486108242208603
2850884,0.37958331458670824
2850884,0.37958331458670824
2851876,0.3413961058770713
2851734,0.45158280553754365
2851734,0.45158280553754365
2852427,0.12832192335460682
2852567,0.24020753294485564
2852682,0.3105840448850589
2852313,0.2532880472560352
2852313,0.2532880472560352
2852908,0.3534271330445144
2852908,0.3534271330445144
2852825,0.1625482204212384
2853156,0.2957478903661462
2853156,0.2957478903661462
2853159,0.48528788189171174
2853188,0.34790605406031655
2853206,0.1260373732390225
2853386,0.38895624677381213
2853386,0.4132343527013251
2853527,0.40372200046956946
2547964,0.14097767335004177
2547964,0.14097767335004177
2852849,0.10928890495276895
2853647,0.03537166118158174
2854105,0.4188277930985002
2854105,0.4188277930985002
2854036,0.06833852348368478
2854161,0.2996792689055923
2853008,0.14221785705402787
2854165,0.31573000427479325
2853008,0.14221785705402787
2854179,0.18646843512435105
2854179,0.18646843512435105
2854228,0.14819411991081285
2854228,0.14819411991081285
2854239,0.2971359205903167
2853359,0.3448834516674781
2853359,0.3448834516674781
2854273,0.3018436172809402
2854273,0.3018436172809402
2854405,0.2781968596762714
2854483,0.4162981656599914
2854501,0.4692660156708003
2854105,0.4242380349373377
2854189,0.5878573610880724
2854189,0.5878573610880724
2832030,0.12111842414385114
2832030,0.12111842414385114
2854597,0.22579174848596156
2854597,0.22579174848596156
2855191,0.16901750102125818
2855134,0.24822647893980357
2855134,0.24822647893980357
2855303,0.17648905376702803
2855303,0.17648905376702803
2854961,0.06648310624415217
2851801,0.49215272153765444
2854961,0.06648310624415217
2855255,0.1733643854723362
2853264,0.21090211242870865
2855408,0.5674522423271318
2855184,0.07690384615384616
2855184,0.07690384615384616
2855408,0.509372927346817
2855408,0.509372927346817
2855259,0.07909597069597071
2854201,0.15480785075341894
2855424,0.34031767659457596
2855353,0.2511248637878988
2855751,0.2712068033144454
2855784,0.24891886414573566
2855324,0.33601478521478523
2855790,0.5384582033353277
2855223,0.19744050315860226
2851576,0.1837584835672964
2851576,0.1837584835672964
2855942,0.2638934748884523
2855942,0.3388693060142646
2852045,0.4155745513535171
2855359,0.1571994333117863
2856037,0.3454804692102774
2856037,0.3454804692102774
2856014,0.505522864405773
2856058,0.06628121693121691
2856127,0.13388436469566195
2855998,0.17366751939616243
2856001,0.23705344906470233
2856001,0.23705344906470233
2856001,0.24954452049327377
2856184,0.5855784363706613
2856184,0.5855784363706613
2855777,0.16805291097306907
2856246,0.10774087079836706
2856014,0.23241430176361275
2856342,0.24378912447366913
2856610,0.2793783463812299
2856508,0.16496463358583976
2855396,0.23989421640338474
2856461,0.09803017961147337
2856652,0.3411110619852531
2856652,0.3411110619852531
2856719,0.27764324582430144
2856575,0.13970830282652946
2856196,0.20722682034332968
2856302,0.22147913377472198
2856391,0.15693585404054097
2856810,0.3090630515299138
2856810,0.3090630515299138
2856785,0.2102125391205335
2856306,0.5617567119727673
2856306,0.5617567119727673
2856954,0.4574629580724995
2856954,0.4574629580724995
2857256,0.09099924622549942
2857257,0.17080427445696203
2857325,0.3967171661075427
2857325,0.3967171661075427
2855284,0.17475833333333327
2857357,0.46751619531486804
2857363,0.2875260974249957
2857363,0.2875260974249957
2857363,0.2875260974249957
2857363,0.2875260974249957
2857396,0.8498536775635603
2857030,0.23595449689140968
2857030,0.23595449689140968
2856862,0.4100614725461119
2857056,0.038268702553485155
2857464,0.09054102822242359
2857451,0.25493956223053704
2857915,0.2784400443015954
2857940,0.28355170049249
2857940,0.28355170049249
2857827,0.14826266154450185
2857864,0.7780865332697778
2856398,0.3174188041825696
2856417,0.17794425033171168
2858011,0.14298504323372688
2857890,0.08942291286543526
2858081,0.2896775314727082
2858071,0.38714713511264
2858086,0.39236752192812885
2858086,0.4048319612884053
2858091,0.1587030165888403
2857415,0.25891313917806774
2858303,0.15853140147534037
2858303,0.1938712643902033
2858261,0.3329457858082043
2858261,0.346045658483955
2858384,0.5231567394275648
2858569,0.23938667582112544
2859163,0.05993740237006888
2858698,0.31734938734565094
2858698,0.31734938734565094
2859217,0.049189277645838234
2858586,0.3488501317200183
2858480,0.16529168196547134
2858480,0.16529168196547134
2857518,0.13986563958897452
2857518,0.1303686576401058
2857950,0.04969410502327153
2859097,0.0724729941761046
2859462,0.27208069119513045
2858085,0.4129945303680945
2858085,0.4129945303680945
2858085,0.4129945303680945
2856572,0.09548021978799265
2859622,0.08552440065281222
2859622,0.08860138477979633
2859696,0.17763222996515682
2857833,0.2029265874006492
2857833,0.2029265874006492
2856098,0.19481913893923453
2859962,0.3438819348496016
2859525,0.2620397166714468
2860051,0.14864459767958227
2857234,0.2126941085340472
2860027,0.12414682091072728
2860253,0.39307958359755507
2859720,0.3946137835062539
2859934,0.2633444641371421
2859934,0.27648890858158653
2860326,0.22813634025317356
2860402,0.4942127382785532
2860463,0.16634940283311597
2860236,0.16384672215387966
2860624,0.48775192983842
2859574,0.12230396430013214
2860118,0.4766171317251638
2859574,0.11337570207570212
2859574,0.11337570207570212
2860771,0.18970340459411011
2860756,0.4305870118774881
2860014,0.21395354438016037
2860915,0.15113067622033138
2860915,0.13583244389709906
2859314,0.41845663540820477
2861156,0.22690412048448486
2860895,0.27868404811379316
2860895,0.27868404811379316
2861022,0.632756797269654
2860759,0.17960797846303844
2860759,0.17960797846303844
2861084,0.5085593903970884
2861084,0.5085593903970884
2861205,0.48634584987593993
2861435,0.33335719608852393
2859845,0.40615233739037715
2861719,0.20671319681637018
2861755,0.0654882724301842
2861755,0.09118192322383498
2861782,0.22400894408398944
2861982,0.3996169458167888
2861919,0.3645169050027431
2861919,0.3645169050027431
2862054,0.525851095157179
2862045,0.05877730968124022
2861877,0.42216592988881724
2861319,0.31758407285773416
2861319,0.3479468068904046
2859841,0.12200732630916795
2862260,0.12377827131535901
2862281,0.35832627622574575
2862333,0.18898411771087942
2862387,0.44563995585208427
2862720,0.5455099230642226
2862759,0.35417596023860975
2862759,0.35417596023860975
2862966,0.24568022313499704
2863642,0.09991589771883898
2863104,0.24939751704756272
2863104,0.24939751704756272
2861749,0.047046970032663685
2863396,0.31240057561150436
2863416,0.3348256028944414
2863416,0.3348256028944414
2863778,0.04969410502327153
2863798,0.15826879400491203
2860570,0.017714982866595768
2863866,0.19243806558870494
2861633,0.18827090930295703
2863875,0.289655528733212
2860085,0.0869904259280692
2864030,0.059354721674893834
2862820,0.25670982429761285
2862820,0.25670982429761285
2862442,0.4230576789960261
2862442,0.4230576789960261
2864417,0.06365882876034677
2864417,0.06365882876034677
2864434,0.34833699703408694
2864203,0.1101757065889532
2864429,0.081488830144031
2864822,0.23536404101277353
2864968,0.5969961918044627
2864998,0.09112644380809307
2857053,0.1327696853714975
2863834,0.25079025484775397
2860842,0.2686207830621623
2865174,0.5345273847316285
2865390,0.23545465657189718
2865390,0.25744224675948735
2865220,0.2606220195488449
2865353,0.087878631215332
2865412,0.1662694718395005
2865427,0.34300686679327363
2865427,0.34300686679327363
2865198,0.23607304926578981
2863695,0.08835357529141556
2863179,0.16164155399172805
2863179,0.16164155399172805
2864997,0.09021271564035707
2859775,0.432724746934774
2859775,0.432724746934774
2865568,0.2694454597143568
2865401,0.06386317378376642
2865655,0.0403749191984486
2865705,0.14249658994517997
2865706,0.6014460251115492
2865522,0.2702010466876603
2865649,0.19113303512826244
2865649,0.1925497017949291
2865783,0.48367155152934904
2865809,0.4528447035966458
2865702,0.04979176970690127
2865937,0.15100407850364858
2865937,0.15100407850364858
2866300,0.3259253582763674
2866301,0.2964752454328548
2860570,0.043155171582803166
2866351,0.1533539950465617
2866351,0.14749187889405285
2864900,0.11252452433415502
2866467,0.12203671263309794
2866533,0.39117953605697364
2866466,0.17219238560103226
2866466,0.17219238560103226
2866556,0.42849486513745977
2863486,0.28119874323318145
2863486,0.28119874323318145
2866718,0.3549578934102764
2865629,0.523499211659458
2865629,0.5132514264988821
2866748,0.23365220874958906
2866973,0.30154482006482014
2866973,0.30154482006482014
2865535,0.21532757954999326
2866997,0.35664628008877586
2867115,0.09916383615228436
2862510,0.3057192695117735
2867227,0.14732803465883962
2867410,0.3194854481431196
2867287,0.26876255595346454
2867287,0.26876255595346454
2868141,0.3315463893237094
2868068,0.3635612312632487
2867968,0.2045940656453501
2865764,0.19192571610489756
2867258,0.07416409022515258
2867979,0.34976332392585335
2867979,0.34976332392585335
2865236,0.3006352221244995
2868901,0.35451177372478687
2868924,0.20631433072439478
2868924,0.25508611479347554
2868924,0.20631433072439478
2867194,0.1901871677213114
2869112,0.03402021501170549
2867046,0.07406884974412457
2869190,0.29744380176650553
2869190,0.29744380176650553
2869296,0.5478241110123593
2869408,0.303388124962338
2869438,0.40296676489550975
2866090,0.2595261364537831
2869425,0.21448409078261982
2869449,0.3606476912338374
2869531,0.05459741284832646
2869502,0.2371774615936105
2869531,0.05459741284832646
2869005,0.18107520879234437
2869005,0.15843870085583642
2869005,0.15843870085583642
2858774,0.07663787646785751
2858774,0.07663787646785751
2869733,0.41663673306553217
2869733,0.41663673306553217
2856665,0.08512009127281156
2869355,0.648969964163981
2867230,0.5960540758412364
2867230,0.5960540758412364
2870247,0.14738138254368988
2870247,0.19509513084205327
2870150,0.15068926423149234
2870415,0.2591809271866408
2870415,0.2591809271866408
2870632,0.3031953207476114
2870496,0.29573001527281073
2870492,0.1485878435432144
2870492,0.1485878435432144
2870776,0.21758685897210603
2859673,0.34993023072985213
2870480,0.23198424203691928
2870480,0.23198424203691928
2871169,0.07030070762570763
2870491,0.4844850699188148
2871395,0.10537042229800851
2871126,0.3252504531871636
2871103,0.11875401066021972
2869921,0.3860477303826089
2869921,0.3860477303826089
2871747,0.3176774099069266
2870480,0.32059392920427643
2871829,0.1044586734519152
2872064,0.2988141482913222
2872521,0.18895370998600683
2872521,0.18895370998600683
2872665,0.2534454502125699
2872317,0.030000052776921925
2872736,0.15824956952839658
2872753,0.31048729813065656
2873273,0.6300978430674183
2873336,0.4297415129196375
2873387,0.1121559690057172
2872139,0.30881357219118966
2873387,0.11375596900571719
2871546,0.14527988679446333
2872738,0.33500014367091435
2872738,0.33500014367091435
2873525,0.2078464070817116
2873540,0.09432881565798625
2873547,0.3500818350569897
2873461,0.11487621650208295
2873540,0.09432881565798625
2873813,0.10653340779992955
2873843,0.3988950625139536
2873827,0.23350499631087862
2874625,0.09658177021677425
2869796,0.08267933640368605
2875035,0.31643720559980654
